{"phones": ["-B", "-BH", "-H", "-HB", "-M", "a", "b", "d", "dz", "e", "f", "g", "i", "k", "l", "m", "mb", "mv", "n", "nd", "ng", "ny", "o", "s", "t", "ts", "u", "v", "w", "y", "z", "ŋ", "ɔ", "ə", "ɛ"], "phone_groups": {"-B": ["-B"], "-BH": ["-BH"], "-H": ["-H"], "-HB": ["-HB"], "-M": ["-M"], "a": ["a"], "b": ["b"], "d": ["d"], "dz": ["dz"], "e": ["e"], "f": ["f"], "g": ["g"], "i": ["i"], "k": ["k"], "l": ["l"], "m": ["m"], "mb": ["mb"], "mv": ["mv"], "n": ["n"], "nd": ["nd"], "ng": ["ng"], "ny": ["ny"], "o": ["o"], "s": ["s"], "t": ["t"], "ts": ["ts"], "u": ["u"], "v": ["v"], "w": ["w"], "y": ["y"], "z": ["z"], "ŋ": ["ŋ"], "ɔ": ["ɔ"], "ə": ["ə"], "ɛ": ["ɛ"]}, "version": "2.2.17", "architecture": "gmm-hmm", "train_date": "2025-04-02 00:40:23.933722", "training": {"audio_duration": 628.95039569161, "num_speakers": 5, "num_utterances": 514, "num_oovs": 0, "average_log_likelihood": -0.04866199433885244}, "dictionaries": {"names": ["ewondo_dictionary"], "default": "ewondo_dictionary", "silence_word": "<eps>", "use_g2p": false, "oov_word": "<unk>", "bracketed_word": "[bracketed]", "laughter_word": "[laughter]", "clitic_marker": "'", "position_dependent_phones": false}, "features": {"type": "mfcc", "use_energy": false, "frame_shift": 10, "frame_length": 25, "snip_edges": true, "low_frequency": 20, "high_frequency": 7800, "sample_frequency": 16000, "allow_downsample": true, "allow_upsample": true, "dither": 1, "energy_floor": 0, "num_coefficients": 13, "num_mel_bins": 23, "cepstral_lifter": 22, "preemphasis_coefficient": 0.97, "uses_cmvn": true, "uses_deltas": true, "uses_voiced": false, "uses_splices": false, "uses_speaker_adaptation": true, "use_pitch": false, "use_voicing": false, "min_f0": 50, "max_f0": 800, "delta_pitch": 0.005, "penalty_factor": 0.1, "silence_weight": 0.0, "splice_left_context": 3, "splice_right_context": 3}, "oov_phone": "spn", "optional_silence_phone": "sil", "phone_set_type": "UNKNOWN", "silence_probability": 0.27, "initial_silence_probability": 0.27, "final_silence_correction": 0.99, "final_non_silence_correction": 0.46}