{"version": "2.2.17", "architecture": "pynini", "train_date": "2025-04-02 00:06:01.083003", "phones": ["-B", "-BH", "-H", "-HB", "-M", "a", "b", "d", "dz", "e", "f", "g", "i", "k", "l", "m", "mb", "mv", "n", "nd", "ng", "ny", "o", "s", "t", "ts", "u", "v", "w", "y", "z", "\u014b", "\u0254", "\u0259", "\u025b"], "graphemes": ["y", "\u014b", "d", "\u030c", "v", "l", "\u0304", "?", "k", "w", "f", "t", "a", "s", "e", "i", "g", "\u0254", "b", "o", "z", "\u0300", "\u025b", "\u0301", "u", "\u0259", "\u0302", "m", "n"], "evaluation": {}, "training": {"num_words": 202, "num_graphemes": 29, "num_phones": 35}}